ga_avgSessionDuration,ga_avgTimeOnPage,ga_bounceRate,ga_date,ga_exitRate,ga_medium,ga_newUsers,ga_pageviews,ga_pageviewsPerSession,ga_sessions,ga_sessionsPerUser,ga_socialNetwork,ga_source,ga_users,isDataGolden,view_id
18.071428571428573,63.25,92.85714285714286,2022-12-30,77.77777777777779,(none),12,18,1.2857142857142858,14,1.0769230769230769,(not set),(direct),13,True,219096830
15.8125,18.071428571428573,37.5,2022-12-30,53.333333333333336,cpc,12,30,1.875,16,1.0666666666666669,(not set),google,15,True,219096830
259.92857142857144,104.0,14.285714285714285,2022-12-30,28.57142857142857,organic,9,49,3.5,14,1.0769230769230769,(not set),google,13,True,219096830
890.5,1781.0,50.0,2022-12-31,66.66666666666666,(none),0,3,1.5,2,2.0,(not set),(direct),1,True,219096830
71.6923076923077,61.93333333333333,46.15384615384615,2022-12-31,46.42857142857143,cpc,11,28,2.1538461538461537,13,1.181818181818182,(not set),google,11,True,219096830
172.27272727272728,270.7142857142857,63.63636363636363,2022-12-31,61.11111111111112,organic,10,18,1.6363636363636365,11,1.1,(not set),google,10,True,219096830
117.0,58.5,0.0,2023-01-01,33.33333333333333,(none),1,3,3.0,1,1.0,(not set),(direct),1,True,219096830
45.61538461538461,53.90909090909091,46.15384615384615,2023-01-01,54.16666666666666,cpc,10,24,1.8461538461538465,13,1.181818181818182,(not set),google,11,True,219096830
11.153846153846152,28.8,69.23076923076923,2023-01-01,72.22222222222221,organic,11,18,1.3846153846153846,13,1.0,(not set),google,13,True,219096830
0.0,0.0,100.0,2023-01-01,100.0,referral,1,1,1.0,1,1.0,Facebook,l.facebook.com,1,True,219096830
25.5,51.0,50.0,2023-01-02,66.66666666666666,(none),2,3,1.5,2,1.0,(not set),(direct),2,True,219096830
130.68421052631578,70.91428571428571,26.31578947368421,2023-01-02,35.18518518518518,cpc,15,54,2.8421052631578947,19,1.1875,(not set),google,16,True,219096830
30.526315789473685,36.25,63.1578947368421,2023-01-02,54.285714285714285,organic,15,35,1.8421052631578947,19,1.0555555555555556,(not set),google,18,True,219096830
30.666666666666668,69.0,88.88888888888889,2023-01-03,69.23076923076923,(none),9,13,1.4444444444444444,9,1.0,(not set),(direct),9,True,219096830
629.5,209.83333333333331,0.0,2023-01-03,25.0,organic,2,8,4.0,2,1.0,(not set),bing,2,True,219096830
0.0,0.0,100.0,2023-01-03,100.0,referral,1,1,1.0,1,1.0,(not set),edocr.com,1,True,219096830
87.77777777777777,43.94444444444444,44.44444444444444,2023-01-03,33.33333333333333,cpc,15,54,3.0,18,1.125,(not set),google,16,True,219096830
109.82142857142856,133.69565217391303,50.0,2023-01-03,54.90196078431373,organic,18,51,1.8214285714285716,28,1.2727272727272727,(not set),google,22,True,219096830
0.0,0.0,100.0,2023-01-03,100.0,referral,1,1,1.0,1,1.0,(not set),steve-woods-1.gitbook.io,1,True,219096830
9.5,13.0,75.0,2023-01-04,57.14285714285714,(none),2,7,1.75,4,1.0,(not set),(direct),4,True,219096830
1002.0,125.125,0.0,2023-01-04,11.11111111111111,referral,1,9,9.0,1,1.0,(not set),api.firstguide.xyz,1,True,219096830
134.08333333333334,82.46153846153847,41.66666666666667,2023-01-04,38.095238095238095,cpc,16,63,2.625,24,1.3333333333333333,(not set),google,18,True,219096830
42.96666666666667,49.61538461538461,56.66666666666666,2023-01-04,53.57142857142857,organic,24,56,1.8666666666666667,30,1.0344827586206895,(not set),google,29,True,219096830
0.0,0.0,100.0,2023-01-04,100.0,organic,1,1,1.0,1,1.0,(not set),yahoo,1,True,219096830
40.36363636363637,74.16666666666667,72.72727272727273,2023-01-05,64.70588235294117,(none),10,17,1.5454545454545454,11,1.0,(not set),(direct),11,True,219096830
0.0,0.0,100.0,2023-01-05,100.0,referral,0,1,1.0,1,1.0,(not set),edocr.com,1,True,219096830
104.75,95.3181818181818,50.0,2023-01-05,47.61904761904761,cpc,12,42,2.1,20,1.0526315789473684,(not set),google,19,True,219096830
97.35714285714286,101.0,57.14285714285714,2023-01-05,50.90909090909091,organic,23,55,1.9642857142857144,28,1.037037037037037,(not set),google,27,True,219096830
21.0,21.0,0.0,2023-01-05,50.0,referral,1,2,2.0,1,1.0,(not set),lens.google.com,1,True,219096830
0.0,0.0,100.0,2023-01-05,100.0,referral,0,1,1.0,1,1.0,(not set),mail.google.com,1,True,219096830
75.0,37.5,50.0,2023-01-05,33.33333333333333,referral,0,6,3.0,2,2.0,(not set),pearltrees.com,1,True,219096830
15.142857142857142,15.142857142857142,71.42857142857143,2023-01-06,50.0,(none),4,14,2.0,7,1.4,(not set),(direct),5,True,219096830
267.1,116.08695652173913,40.0,2023-01-06,30.303030303030305,cpc,8,33,3.3,10,1.0,(not set),google,10,True,219096830
22.25,26.6,58.333333333333336,2023-01-06,54.54545454545454,organic,14,44,1.8333333333333333,24,1.3333333333333333,(not set),google,18,True,219096830
0.0,0.0,100.0,2023-01-06,100.0,referral,1,1,1.0,1,1.0,Facebook,m.facebook.com,1,True,219096830
0.0,0.0,100.0,2023-01-07,100.0,(none),5,5,1.0,5,1.0,(not set),(direct),5,True,219096830
36.90909090909091,36.81818181818182,54.54545454545454,2023-01-07,50.0,cpc,9,22,2.0,11,1.1,(not set),google,10,True,219096830
85.14285714285714,132.55555555555554,57.14285714285714,2023-01-07,60.86956521739131,organic,12,23,1.6428571428571428,14,1.0769230769230769,(not set),google,13,True,219096830
0.0,0.0,100.0,2023-01-07,100.0,referral,1,1,1.0,1,1.0,(not set),lens.google.com,1,True,219096830
55.0,27.5,0.0,2023-01-07,33.33333333333333,referral,1,3,3.0,1,1.0,(not set),sydney.yalwa.com.au,1,True,219096830
0.0,0.0,100.0,2023-01-08,100.0,(none),1,1,1.0,1,1.0,(not set),(direct),1,True,219096830
0.0,0.0,100.0,2023-01-08,100.0,organic,0,1,1.0,1,1.0,(not set),bing,1,True,219096830
0.0,0.0,100.0,2023-01-08,100.0,referral,1,1,1.0,1,1.0,Facebook,facebook.com,1,True,219096830
43.5,28.0,44.44444444444444,2023-01-08,39.130434782608695,cpc,18,46,2.555555555555556,18,1.0,(not set),google,18,True,219096830
45.5,109.2,75.0,2023-01-08,70.58823529411765,organic,10,17,1.4166666666666667,12,1.0,(not set),google,12,True,219096830
0.0,0.0,100.0,2023-01-09,100.0,(none),8,10,1.0,10,1.25,(not set),(direct),8,True,219096830
1042.0,347.3333333333333,0.0,2023-01-09,25.0,organic,1,4,4.0,1,1.0,(not set),duckduckgo,1,True,219096830
42.41176470588236,55.46153846153846,47.05882352941176,2023-01-09,56.66666666666666,cpc,15,30,1.7647058823529411,17,1.0625,(not set),google,16,True,219096830
308.1428571428572,246.4857142857143,46.42857142857143,2023-01-09,44.44444444444444,organic,19,63,2.25,28,1.1666666666666667,(not set),google,24,True,219096830
0.0,0.0,100.0,2023-01-09,100.0,referral,0,1,1.0,1,1.0,(not set),issuu.com,1,True,219096830
407.0,407.0,0.0,2023-01-09,50.0,referral,0,2,2.0,1,1.0,(not set),pearltrees.com,1,True,219096830
0.0,0.0,100.0,2023-01-09,100.0,referral,1,1,1.0,1,1.0,(not set),rousehillsmiles.medium.com,1,True,219096830
0.0,0.0,100.0,2023-01-09,100.0,organic,1,1,1.0,1,1.0,(not set),yahoo,1,True,219096830
0.0,0.0,100.0,2023-01-10,100.0,(none),10,10,1.0,10,1.0,(not set),(direct),10,True,219096830
26.09090909090909,24.869565217391305,54.54545454545454,2023-01-10,48.888888888888886,cpc,14,45,2.0454545454545454,22,1.2222222222222223,(not set),google,18,True,219096830
69.0,131.72727272727272,71.42857142857143,2023-01-10,65.625,organic,20,32,1.5238095238095235,21,1.0,(not set),google,21,True,219096830
58.63636363636363,92.0,72.72727272727273,2023-01-11,61.11111111111112,(none),10,18,1.6363636363636365,11,1.1,(not set),(direct),10,True,219096830
13.0,6.25,0.0,2023-01-11,33.33333333333333,organic,1,6,3.0,2,1.0,(not set),bing,2,True,219096830
291.0,291.0,0.0,2023-01-11,50.0,referral,0,2,2.0,1,1.0,(not set),edocr.com,1,True,219096830
20.83333333333333,23.375,66.66666666666666,2023-01-11,52.94117647058824,cpc,17,34,1.8888888888888888,18,1.0,(not set),google,18,True,219096830
142.29166666666666,213.3125,70.83333333333334,2023-01-11,60.0,organic,21,40,1.6666666666666667,24,1.0434782608695652,(not set),google,23,True,219096830
47.0,23.5,0.0,2023-01-11,33.33333333333333,referral,1,3,3.0,1,1.0,Instagram Stories,instagram.com,1,True,219096830
39.0,19.5,0.0,2023-01-11,33.33333333333333,referral,1,3,3.0,1,1.0,(not set),zip,1,True,219096830
92.625,123.33333333333331,87.5,2023-01-12,57.14285714285714,(none),7,14,1.75,8,1.1428571428571428,(not set),(direct),7,True,219096830
175.0,87.5,0.0,2023-01-12,33.33333333333333,organic,1,3,3.0,1,1.0,(not set),bing,1,True,219096830
126.63636363636364,64.79069767441861,45.45454545454545,2023-01-12,33.84615384615385,cpc,19,65,2.9545454545454546,22,1.1,(not set),google,20,True,219096830
9.444444444444445,28.33333333333333,83.33333333333334,2023-01-12,75.0,organic,13,24,1.3333333333333333,18,1.125,(not set),google,16,True,219096830
0.0,0.0,100.0,2023-01-13,100.0,organic,1,1,1.0,1,1.0,(not set),duckduckgo,1,True,219096830
27.26315789473684,25.9,47.368421052631575,2023-01-13,48.71794871794872,cpc,17,39,2.0526315789473686,19,1.0555555555555556,(not set),google,18,True,219096830
10.6,53.0,86.66666666666667,2023-01-13,83.33333333333334,organic,10,18,1.2,15,1.0714285714285714,(not set),google,14,True,219096830
819.0,819.0,0.0,2023-01-13,50.0,referral,1,2,2.0,1,1.0,(not set),url-opener.com,1,True,219096830
0.0,0.0,100.0,2023-01-14,100.0,(none),1,1,1.0,1,1.0,(not set),(direct),1,True,219096830
94.0,46.5,0.0,2023-01-14,33.33333333333333,organic,0,3,3.0,1,1.0,(not set),duckduckgo,1,True,219096830
94.25,107.71428571428572,43.75,2023-01-14,53.333333333333336,cpc,12,30,1.875,16,1.1428571428571428,(not set),google,14,True,219096830
139.7391304347826,401.625,82.6086956521739,2023-01-14,74.19354838709677,organic,16,31,1.3478260869565215,23,1.15,(not set),google,20,True,219096830
0.0,0.0,100.0,2023-01-14,100.0,referral,1,1,1.0,1,1.0,Facebook,m.facebook.com,1,True,219096830
51.25,68.33333333333333,50.0,2023-01-15,57.14285714285714,(none),4,7,1.75,4,1.0,(not set),(direct),4,True,219096830
680.0,340.0,0.0,2023-01-15,33.33333333333333,referral,1,3,3.0,1,1.0,(not set),dashboard.apexchat.com,1,True,219096830
285.25,97.82857142857142,25.0,2023-01-15,25.53191489361702,cpc,11,47,3.9166666666666665,12,1.0909090909090908,(not set),google,11,True,219096830
35.47058823529412,60.4,64.70588235294117,2023-01-15,62.96296296296296,organic,17,27,1.588235294117647,17,1.0,(not set),google,17,True,219096830
3.7142857142857135,26.0,85.71428571428571,2023-01-16,87.5,(none),5,8,1.1428571428571428,7,1.1666666666666667,(not set),(direct),6,True,219096830
24.4375,30.07692307692308,56.25,2023-01-16,55.172413793103445,cpc,15,29,1.8125,16,1.0666666666666669,(not set),google,15,True,219096830
69.36363636363636,47.78125,45.45454545454545,2023-01-16,40.74074074074074,organic,17,54,2.4545454545454546,22,1.0,(not set),google,22,True,219096830
25.0,12.5,0.0,2023-01-16,33.33333333333333,referral,1,3,3.0,1,1.0,reddit,reddit.com,1,True,219096830
2.0,12.0,83.33333333333334,2023-01-17,85.71428571428571,(none),6,7,1.1666666666666667,6,1.0,(not set),(direct),6,True,219096830
32.57142857142857,35.07692307692308,50.0,2023-01-17,51.85185185185185,cpc,12,27,1.9285714285714288,14,1.0769230769230769,(not set),google,13,True,219096830
34.19230769230769,36.958333333333336,61.53846153846154,2023-01-17,52.0,organic,20,50,1.9230769230769231,26,1.0833333333333333,(not set),google,24,True,219096830
233.0,349.25,83.33333333333334,2023-01-18,60.0,(none),6,10,1.6666666666666667,6,1.0,(not set),(direct),6,True,219096830
34.333333333333336,20.6,33.33333333333333,2023-01-18,37.5,organic,3,8,2.6666666666666665,3,1.0,(not set),bing,3,True,219096830
0.0,0.0,100.0,2023-01-18,100.0,referral,1,1,1.0,1,1.0,(not set),brainscape.com,1,True,219096830
130.55,137.3684210526316,50.0,2023-01-18,51.28205128205128,cpc,19,39,1.95,20,1.0526315789473684,(not set),google,19,True,219096830
175.47619047619048,230.1875,66.66666666666666,2023-01-18,56.75675675675676,organic,17,37,1.761904761904762,21,1.105263157894737,(not set),google,19,True,219096830
16.5,16.5,50.0,2023-01-18,50.0,referral,1,4,2.0,2,2.0,(not set),healthengine.lightning.force.com,1,True,219096830
0.0,0.0,100.0,2023-01-18,100.0,referral,1,1,1.0,1,1.0,(not set),padlet.com,1,True,219096830
20.0,20.0,0.0,2023-01-18,50.0,referral,1,2,2.0,1,1.0,(not set),service.smt.docomo.ne.jp,1,True,219096830
47.875,85.22222222222223,87.5,2023-01-19,64.0,(none),14,25,1.5625,16,1.0,(not set),(direct),16,True,219096830
0.0,0.0,100.0,2023-01-19,100.0,referral,1,1,1.0,1,1.0,(not set),awardee.knack.com,1,True,219096830
0.0,0.0,100.0,2023-01-19,100.0,referral,0,1,1.0,1,1.0,(not set),edocr.com,1,True,219096830
72.63157894736842,57.54166666666666,57.89473684210527,2023-01-19,44.18604651162791,cpc,15,43,2.263157894736842,19,1.1875,(not set),google,16,True,219096830
117.54166666666669,85.48484848484848,33.33333333333333,2023-01-19,42.10526315789473,organic,19,57,2.375,24,1.1428571428571428,(not set),google,21,True,219096830
0.0,0.0,100.0,2023-01-19,100.0,referral,1,1,1.0,1,1.0,Facebook,l.facebook.com,1,True,219096830
150.75,66.88888888888889,50.0,2023-01-20,30.76923076923077,(none),3,13,3.25,4,1.3333333333333333,(not set),(direct),3,True,219096830
94.63636363636364,54.81578947368421,36.36363636363637,2023-01-20,36.66666666666666,cpc,19,60,2.727272727272727,22,1.0476190476190477,(not set),google,21,True,219096830
299.94117647058823,130.76923076923077,47.05882352941176,2023-01-20,30.35714285714285,organic,12,56,3.294117647058824,17,1.2142857142857142,(not set),google,14,True,219096830
0.0,0.0,100.0,2023-01-20,100.0,organic,1,1,1.0,1,1.0,(not set),yahoo,1,True,219096830
18.0,27.0,33.33333333333333,2023-01-21,60.0,(none),3,5,1.6666666666666667,3,1.0,(not set),(direct),3,True,219096830
20.88235294117647,25.285714285714285,64.70588235294117,2023-01-21,54.83870967741935,cpc,13,31,1.8235294117647056,17,1.2142857142857142,(not set),google,14,True,219096830
152.8,117.57692307692308,55.00000000000001,2023-01-21,43.47826086956522,organic,13,46,2.3,20,1.1764705882352942,(not set),google,17,True,219096830
0.0,0.0,100.0,2023-01-22,100.0,(none),2,2,1.0,2,1.0,(not set),(direct),2,True,219096830
13.705882352941176,21.272727272727277,76.47058823529412,2023-01-22,60.71428571428571,cpc,16,28,1.6470588235294117,17,1.0,(not set),google,17,True,219096830
76.42857142857143,41.07692307692308,57.14285714285714,2023-01-22,35.0,organic,6,20,2.857142857142857,7,1.0,(not set),google,7,True,219096830
9.0,17.5,75.0,2023-01-23,66.66666666666666,(none),4,6,1.5,4,1.0,(not set),(direct),4,True,219096830
0.0,0.0,100.0,2023-01-23,100.0,referral,0,1,1.0,1,1.0,(not set),dashboard.apexchat.com,1,True,219096830
0.0,0.0,100.0,2023-01-23,100.0,referral,1,1,1.0,1,1.0,(not set),flipboard.com,1,True,219096830
25.6,25.5,45.0,2023-01-23,50.0,cpc,18,40,2.0,20,1.0,(not set),google,20,True,219096830
172.5,146.07692307692307,50.0,2023-01-23,45.83333333333333,organic,16,48,2.1818181818181817,22,1.1,(not set),google,20,True,219096830
0.0,0.0,100.0,2023-01-23,100.0,referral,1,1,1.0,1,1.0,Facebook,l.facebook.com,1,True,219096830
588.0,294.5,0.0,2023-01-23,33.33333333333333,referral,0,3,3.0,1,1.0,(not set),pearltrees.com,1,True,219096830
56.66666666666666,42.25,33.33333333333333,2023-01-24,42.85714285714285,(none),2,7,2.333333333333333,3,1.0,(not set),(direct),3,True,219096830
92.875,92.875,43.75,2023-01-24,50.0,cpc,16,32,2.0,16,1.0,(not set),google,16,True,219096830
154.65,119.0,50.0,2023-01-24,43.47826086956522,organic,18,46,2.3,20,1.1111111111111112,(not set),google,18,True,219096830
0.0,0.0,100.0,2023-01-24,100.0,referral,1,1,1.0,1,1.0,Facebook,m.facebook.com,1,True,219096830
4.0,16.0,91.66666666666666,2023-01-25,80.0,(none),11,15,1.25,12,1.0909090909090908,(not set),(direct),11,True,219096830
0.0,0.0,100.0,2023-01-25,100.0,organic,1,1,1.0,1,1.0,(not set),baidu,1,True,219096830
0.0,0.0,100.0,2023-01-25,100.0,referral,3,3,1.0,3,1.0,Facebook,facebook.com,3,True,219096830
60.8235294117647,46.95454545454545,23.52941176470588,2023-01-25,43.58974358974359,cpc,15,39,2.294117647058824,17,1.1333333333333333,(not set),google,15,True,219096830
54.72222222222222,49.15,50.0,2023-01-25,47.368421052631575,organic,11,38,2.111111111111111,18,1.3846153846153846,(not set),google,13,True,219096830
0.0,0.0,100.0,2023-01-25,100.0,referral,1,1,1.0,1,1.0,Facebook,m.facebook.com,1,True,219096830
0.0,0.0,100.0,2023-01-25,100.0,referral,1,1,1.0,1,1.0,(not set),pearltrees.com,1,True,219096830
41.0,20.5,0.0,2023-01-26,33.33333333333333,(none),1,3,3.0,1,1.0,(not set),(direct),1,True,219096830
59.285714285714285,41.4,42.85714285714285,2023-01-26,41.17647058823529,cpc,6,17,2.4285714285714284,7,1.1666666666666667,(not set),google,6,True,219096830
223.6,159.85714285714286,40.0,2023-01-26,41.66666666666667,organic,9,24,2.4,10,1.0,(not set),google,10,True,219096830
15.333333333333334,46.0,66.66666666666666,2023-01-27,75.0,(none),2,4,1.3333333333333333,3,1.0,(not set),(direct),3,True,219096830
62.31578947368421,47.28,26.31578947368421,2023-01-27,43.18181818181818,cpc,16,44,2.3157894736842106,19,1.1176470588235294,(not set),google,17,True,219096830
63.90909090909091,175.75,63.63636363636363,2023-01-27,73.33333333333333,organic,9,15,1.3636363636363635,11,1.2222222222222223,(not set),google,9,True,219096830
0.0,0.0,100.0,2023-01-27,100.0,referral,2,2,1.0,2,1.0,Facebook,l.facebook.com,2,True,219096830
0.0,0.0,100.0,2023-01-28,100.0,(none),1,1,1.0,1,1.0,(not set),(direct),1,True,219096830
72.11111111111111,59.0,44.44444444444444,2023-01-28,45.0,cpc,14,40,2.2222222222222223,18,1.2,(not set),google,15,True,219096830
68.5,76.22222222222223,60.0,2023-01-28,52.63157894736842,organic,7,19,1.9,10,1.0,(not set),google,10,True,219096830
36.0,18.0,0.0,2023-01-28,33.33333333333333,referral,1,3,3.0,1,1.0,Instagram,l.instagram.com,1,True,219096830
0.0,0.0,100.0,2023-01-29,100.0,(none),1,1,1.0,1,1.0,(not set),(direct),1,True,219096830
75.30434782608695,64.14814814814815,56.52173913043478,2023-01-29,46.0,cpc,15,50,2.1739130434782608,23,1.2105263157894737,(not set),google,19,True,219096830
38.0,45.6,50.0,2023-01-29,54.54545454545454,organic,6,11,1.8333333333333333,6,1.0,(not set),google,6,True,219096830
0.0,0.0,100.0,2023-01-30,100.0,(none),4,5,1.0,5,1.0,(not set),(direct),5,True,219096830
47.27777777777778,24.285714285714285,50.0,2023-01-30,33.9622641509434,cpc,15,53,2.9444444444444446,18,1.125,(not set),google,16,True,219096830
103.0,80.05555555555556,42.85714285714285,2023-01-30,43.75,organic,11,32,2.2857142857142856,14,1.0769230769230769,(not set),google,13,True,219096830
0.0,0.0,100.0,2023-01-30,100.0,referral,1,1,1.0,1,1.0,(not set),url-opener.com,1,True,219096830
124.11111111111111,372.0,77.77777777777779,2023-01-31,75.0,(none),9,12,1.3333333333333333,9,1.0,(not set),(direct),9,True,219096830
65.46666666666667,40.958333333333336,40.0,2023-01-31,38.46153846153847,cpc,13,39,2.6,15,1.0,(not set),google,15,True,219096830
144.0,85.0,47.82608695652174,2023-01-31,37.096774193548384,organic,14,62,2.6956521739130435,23,1.2777777777777777,(not set),google,18,True,219096830
45.833333333333336,137.5,83.33333333333334,2023-02-01,75.0,(none),4,8,1.3333333333333333,6,1.0,(not set),(direct),6,True,219096830
22.0,22.0,0.0,2023-02-01,50.0,organic,1,2,2.0,1,1.0,(not set),bing,1,True,219096830
46.66666666666666,58.333333333333336,53.333333333333336,2023-02-01,55.55555555555556,cpc,12,27,1.8,15,1.25,(not set),google,12,True,219096830
101.52631578947368,77.2,52.63157894736842,2023-02-01,43.18181818181818,organic,11,44,2.3157894736842106,19,1.1176470588235294,(not set),google,17,True,219096830
18.0,9.0,0.0,2023-02-01,33.33333333333333,referral,1,3,3.0,1,1.0,Instagram,l.instagram.com,1,True,219096830
0.0,0.0,100.0,2023-02-01,100.0,referral,1,1,1.0,1,1.0,Facebook,m.facebook.com,1,True,219096830
3.4,8.0,80.0,2023-02-02,71.42857142857143,(none),4,7,1.4,5,1.25,(not set),(direct),4,True,219096830
89.75,68.42857142857143,31.25,2023-02-02,43.24324324324324,cpc,15,37,2.3125,16,1.0,(not set),google,16,True,219096830
158.36363636363637,87.175,54.54545454545454,2023-02-02,35.483870967741936,organic,18,62,2.8181818181818183,22,1.1578947368421053,(not set),google,19,True,219096830
0.0,0.0,100.0,2023-02-02,100.0,referral,1,1,1.0,1,1.0,Pinterest,in.pinterest.com,1,True,219096830
0.0,0.0,100.0,2023-02-02,100.0,referral,1,1,1.0,1,1.0,Facebook,m.facebook.com,1,True,219096830
56.6,121.28571428571428,73.33333333333333,2023-02-03,68.18181818181817,(none),12,22,1.4666666666666666,15,1.0714285714285714,(not set),(direct),14,True,219096830
66.0,66.0,0.0,2023-02-03,50.0,referral,1,2,2.0,1,1.0,(not set),atozpages.com.au,1,True,219096830
0.0,0.0,100.0,2023-02-03,100.0,referral,1,1,1.0,1,1.0,Facebook,facebook.com,1,True,219096830
22.77777777777778,24.11764705882353,50.0,2023-02-03,51.42857142857142,cpc,16,35,1.9444444444444444,18,1.0588235294117647,(not set),google,17,True,219096830
147.25806451612902,101.33333333333331,51.61290322580645,2023-02-03,40.78947368421053,organic,23,76,2.4516129032258065,31,1.1071428571428572,(not set),google,28,True,219096830
0.0,0.0,100.0,2023-02-03,100.0,referral,1,1,1.0,1,1.0,Instagram,l.instagram.com,1,True,219096830
0.0,0.0,100.0,2023-02-03,100.0,referral,1,1,1.0,1,1.0,(not set),moptu.com,1,True,219096830
8.8,44.0,80.0,2023-02-04,83.33333333333334,(none),3,6,1.2,5,1.25,(not set),(direct),4,True,219096830
180.4,104.03846153846152,20.0,2023-02-04,36.58536585365854,cpc,13,41,2.7333333333333334,15,1.0,(not set),google,15,True,219096830
195.14285714285717,85.4375,21.428571428571427,2023-02-04,30.434782608695656,organic,11,46,3.2857142857142856,14,1.0,(not set),google,14,True,219096830
0.0,0.0,100.0,2023-02-04,100.0,referral,1,1,1.0,1,1.0,Facebook,m.facebook.com,1,True,219096830
0.0,0.0,100.0,2023-02-05,100.0,(none),2,2,1.0,2,1.0,(not set),(direct),2,True,219096830
28.866666666666667,17.36,60.0,2023-02-05,37.5,cpc,13,40,2.6666666666666665,15,1.1538461538461535,(not set),google,13,True,219096830
88.33333333333333,55.78947368421053,41.66666666666667,2023-02-05,38.70967741935484,organic,7,31,2.583333333333333,12,1.0909090909090908,(not set),google,11,True,219096830
1.1428571428571428,8.0,85.71428571428571,2023-02-06,87.5,(none),4,8,1.1428571428571428,7,1.1666666666666667,(not set),(direct),6,True,219096830
52.31578947368421,35.535714285714285,47.368421052631575,2023-02-06,40.42553191489361,cpc,15,47,2.473684210526316,19,1.1176470588235294,(not set),google,17,True,219096830
75.8,113.5,60.0,2023-02-06,60.0,organic,10,25,1.6666666666666667,15,1.0714285714285714,(not set),google,14,True,219096830
0.0,0.0,100.0,2023-02-07,100.0,(none),4,4,1.0,4,1.0,(not set),(direct),4,True,219096830
0.0,0.0,100.0,2023-02-07,100.0,referral,1,1,1.0,1,1.0,(not set),albumizr.com,1,True,219096830
26.0,24.727272727272727,57.14285714285714,2023-02-07,48.837209302325576,cpc,18,43,2.0476190476190474,21,1.1666666666666667,(not set),google,18,True,219096830
109.44444444444444,109.38888888888889,55.55555555555556,2023-02-07,50.0,organic,12,36,2.0,18,1.0588235294117647,(not set),google,17,True,219096830
0.0,0.0,100.0,2023-02-07,100.0,referral,1,1,1.0,1,1.0,Facebook,m.facebook.com,1,True,219096830
0.0,0.0,100.0,2023-02-07,100.0,organic,1,1,1.0,1,1.0,(not set),yahoo,1,True,219096830
1.5,9.0,83.33333333333334,2023-02-08,85.71428571428571,(none),4,7,1.1666666666666667,6,1.5,(not set),(direct),4,True,219096830
119.0,30.0,0.0,2023-02-08,20.0,organic,1,5,5.0,1,1.0,(not set),bing,1,True,219096830
84.73684210526316,123.6923076923077,68.42105263157895,2023-02-08,59.375,cpc,15,32,1.6842105263157894,19,1.1875,(not set),google,16,True,219096830
46.05882352941177,39.05,52.94117647058824,2023-02-08,45.94594594594595,organic,14,37,2.176470588235294,17,1.0625,(not set),google,16,True,219096830
0.0,0.0,100.0,2023-02-08,100.0,referral,1,1,1.0,1,1.0,(not set),web.skype.com,1,True,219096830
758.0,595.6428571428571,45.45454545454545,2023-02-09,44.0,(none),5,25,2.272727272727273,11,1.8333333333333333,(not set),(direct),6,True,219096830
172.8125,120.1304347826087,37.5,2023-02-09,41.02564102564102,cpc,13,39,2.4375,16,1.1428571428571428,(not set),google,14,True,219096830
45.2,52.23076923076923,60.0,2023-02-09,53.57142857142857,organic,12,28,1.8666666666666667,15,1.0714285714285714,(not set),google,14,True,219096830
123.2,38.5,20.0,2023-02-10,23.809523809523807,(none),5,21,4.2,5,1.0,(not set),(direct),5,True,219096830
122.375,139.85714285714286,56.25,2023-02-10,53.333333333333336,cpc,11,30,1.875,16,1.2307692307692308,(not set),google,13,True,219096830
40.121212121212125,220.66666666666663,84.84848484848484,2023-02-10,84.61538461538461,organic,24,39,1.181818181818182,33,1.2222222222222223,(not set),google,27,True,219096830
2.75,11.0,75.0,2023-02-11,80.0,(none),3,5,1.25,4,1.0,(not set),(direct),4,True,219096830
37.88235294117647,32.2,41.17647058823529,2023-02-11,45.94594594594595,cpc,14,37,2.176470588235294,17,1.0625,(not set),google,16,True,219096830
43.71428571428572,51.0,57.14285714285714,2023-02-11,53.84615384615385,organic,11,26,1.8571428571428568,14,1.0769230769230769,(not set),google,13,True,219096830
14.15,28.3,90.0,2023-02-12,66.66666666666666,(none),20,30,1.5,20,1.0,(not set),(direct),20,True,219096830
30.40909090909091,37.16666666666666,54.54545454545454,2023-02-12,55.00000000000001,cpc,15,40,1.818181818181818,22,1.2941176470588236,(not set),google,17,True,219096830
99.5925925925926,96.0,55.55555555555556,2023-02-12,49.09090909090909,organic,23,55,2.037037037037037,27,1.08,(not set),google,25,True,219096830
69.0,69.0,0.0,2023-02-12,50.0,referral,1,2,2.0,1,1.0,Facebook,l.facebook.com,1,True,219096830
37.0,3.7,0.0,2023-02-12,9.090909090909092,referral,0,11,11.0,1,1.0,(not set),mail.google.com,1,True,219096830
10.166666666666666,20.33333333333333,50.0,2023-02-13,66.66666666666666,(none),2,9,1.5,6,1.5,(not set),(direct),4,True,219096830
0.0,0.0,100.0,2023-02-13,100.0,referral,1,1,1.0,1,1.0,(not set),adwords.corp.google.com,1,True,219096830
36.0,36.0,0.0,2023-02-13,50.0,organic,1,2,2.0,1,1.0,(not set),bing,1,True,219096830
35.421052631578945,44.93333333333333,52.63157894736842,2023-02-13,55.88235294117647,cpc,15,34,1.7894736842105263,19,1.0,(not set),google,19,True,219096830
124.9375,85.04255319148936,37.5,2023-02-13,40.50632911392405,organic,19,79,2.46875,32,1.0666666666666669,(not set),google,30,True,219096830
0.0,0.0,100.0,2023-02-13,100.0,referral,1,1,1.0,1,1.0,Facebook,l.facebook.com,1,True,219096830
0.0,0.0,100.0,2023-02-13,100.0,referral,1,1,1.0,1,1.0,Facebook,m.facebook.com,1,True,219096830
0.0,0.0,100.0,2023-02-13,100.0,referral,0,1,1.0,1,1.0,(not set),tagassistant.google.com,1,True,219096830
40.7,203.5,80.0,2023-02-14,83.33333333333334,(none),10,12,1.2,10,1.0,(not set),(direct),10,True,219096830
0.0,0.0,100.0,2023-02-14,100.0,organic,4,4,1.0,4,1.0,(not set),baidu,4,True,219096830
37.95454545454545,64.23076923076923,63.63636363636363,2023-02-14,62.85714285714285,cpc,17,35,1.5909090909090908,22,1.0476190476190477,(not set),google,21,True,219096830
72.76,75.83333333333333,60.0,2023-02-14,51.02040816326531,organic,17,49,1.96,25,1.0416666666666667,(not set),google,24,True,219096830
0.0,0.0,100.0,2023-02-14,100.0,referral,0,1,1.0,1,1.0,(not set),symbaloo.com,1,True,219096830
9.4,23.25,80.0,2023-02-15,71.42857142857143,(none),10,14,1.4,10,1.0,(not set),(direct),10,True,219096830
11.0,22.0,50.0,2023-02-15,66.66666666666666,organic,1,3,1.5,2,1.0,(not set),bing,2,True,219096830
0.0,0.0,100.0,2023-02-15,100.0,referral,1,1,1.0,1,1.0,Facebook,facebook.com,1,True,219096830
84.0952380952381,44.225,38.095238095238095,2023-02-15,34.42622950819672,cpc,15,61,2.9047619047619047,21,1.1666666666666667,(not set),google,18,True,219096830
61.0,231.8,73.68421052631578,2023-02-15,79.16666666666666,organic,13,24,1.263157894736842,19,1.0555555555555556,(not set),google,18,True,219096830
40.66666666666666,61.125,66.66666666666666,2023-02-16,60.0,(none),3,20,1.6666666666666667,12,1.5,(not set),(direct),8,True,219096830
9.19047619047619,16.25,66.66666666666666,2023-02-16,63.63636363636363,cpc,17,33,1.5714285714285714,21,1.05,(not set),google,20,True,219096830
51.26086956521739,107.0,86.95652173913044,2023-02-16,67.64705882352942,organic,18,34,1.4782608695652173,23,1.0952380952380951,(not set),google,21,True,219096830
0.0,0.0,100.0,2023-02-17,100.0,(none),2,2,1.0,2,1.0,(not set),(direct),2,True,219096830
53.0,53.0,0.0,2023-02-17,50.0,organic,1,2,2.0,1,1.0,(not set),ecosia.org,1,True,219096830
55.85714285714285,32.583333333333336,57.14285714285714,2023-02-17,36.84210526315789,cpc,12,38,2.7142857142857144,14,1.0,(not set),google,14,True,219096830
93.03571428571428,78.93939393939394,64.28571428571429,2023-02-17,45.90163934426229,organic,21,61,2.1785714285714284,28,1.0769230769230769,(not set),google,26,True,219096830
0.0,0.0,100.0,2023-02-17,100.0,referral,1,1,1.0,1,1.0,Facebook,m.facebook.com,1,True,219096830
3.0,10.666666666666666,90.9090909090909,2023-02-18,78.57142857142857,(none),11,14,1.2727272727272727,11,1.0,(not set),(direct),11,True,219096830
106.15,212.3,55.00000000000001,2023-02-18,66.66666666666666,cpc,16,30,1.5,20,1.25,(not set),google,16,True,219096830
24.0,108.0,88.88888888888889,2023-02-18,81.81818181818183,organic,8,11,1.2222222222222223,9,1.0,(not set),google,9,True,219096830
0.0,0.0,100.0,2023-02-18,100.0,referral,1,1,1.0,1,1.0,Pinterest,in.pinterest.com,1,True,219096830
2.2,11.0,80.0,2023-02-19,83.33333333333334,(none),5,6,1.2,5,1.0,(not set),(direct),5,True,219096830
33.22222222222222,31.526315789473685,38.88888888888889,2023-02-19,48.64864864864865,cpc,17,37,2.055555555555556,18,1.0588235294117647,(not set),google,17,True,219096830
196.1764705882353,123.4074074074074,52.94117647058824,2023-02-19,38.63636363636363,organic,16,44,2.588235294117647,17,1.0625,(not set),google,16,True,219096830
87.14285714285714,76.25,42.85714285714285,2023-02-20,46.66666666666666,(none),6,15,2.142857142857143,7,1.0,(not set),(direct),7,True,219096830
0.0,0.0,100.0,2023-02-20,100.0,referral,1,1,1.0,1,1.0,Facebook,facebook.com,1,True,219096830
36.6,36.66666666666666,40.0,2023-02-20,50.0,cpc,12,30,2.0,15,1.0714285714285714,(not set),google,14,True,219096830
75.6086956521739,102.3529411764706,56.52173913043478,2023-02-20,57.49999999999999,organic,17,40,1.7391304347826086,23,1.15,(not set),google,20,True,219096830
25.0,25.0,0.0,2023-02-20,50.0,referral,1,2,2.0,1,1.0,Instagram,l.instagram.com,1,True,219096830
0.0,0.0,100.0,2023-02-20,100.0,referral,1,1,1.0,1,1.0,Pinterest,pinterest.com,1,True,219096830
0.0,0.0,100.0,2023-02-20,100.0,referral,1,1,1.0,1,1.0,(not set),uk.search.yahoo.com,1,True,219096830
11.5,14.0,66.66666666666666,2023-02-21,54.54545454545454,(none),5,11,1.8333333333333333,6,1.0,(not set),(direct),6,True,219096830
289.7142857142857,130.83870967741936,64.28571428571429,2023-02-21,31.11111111111111,cpc,9,45,3.2142857142857144,14,1.0769230769230769,(not set),google,13,True,219096830
5.9,14.625,85.0,2023-02-21,71.42857142857143,organic,16,28,1.4,20,1.0526315789473684,(not set),google,19,True,219096830
172.0,43.0,0.0,2023-02-21,20.0,referral,1,5,5.0,1,1.0,(not set),lens.google.com,1,True,219096830
0.0,0.0,100.0,2023-02-21,100.0,referral,0,1,1.0,1,1.0,(not set),symbaloo.com,1,True,219096830
1074.4545454545455,393.9333333333333,36.36363636363637,2023-02-22,26.82926829268293,(none),5,41,3.727272727272727,11,1.8333333333333333,(not set),(direct),6,True,219096830
0.0,0.0,100.0,2023-02-22,100.0,organic,2,2,1.0,2,1.0,(not set),baidu,2,True,219096830
48.54545454545455,38.10714285714285,45.45454545454545,2023-02-22,44.0,cpc,22,50,2.272727272727273,22,1.0,(not set),google,22,True,219096830
94.34883720930232,176.43478260869566,72.09302325581395,2023-02-22,65.15151515151516,organic,24,66,1.5348837209302326,43,1.5925925925925926,(not set),google,27,True,219096830
175.28571428571428,122.8,50.0,2023-02-23,41.17647058823529,(none),13,34,2.4285714285714284,14,1.0,(not set),(direct),14,True,219096830
0.0,0.0,100.0,2023-02-23,100.0,organic,1,1,1.0,1,1.0,(not set),bing,1,True,219096830
45.6,41.36363636363637,50.0,2023-02-23,47.61904761904761,cpc,19,42,2.1,20,1.0526315789473684,(not set),google,19,True,219096830
47.2972972972973,102.94117647058825,72.97297297297297,2023-02-23,68.51851851851852,organic,28,54,1.4594594594594594,37,1.15625,(not set),google,32,True,219096830
21.0,42.0,50.0,2023-02-24,66.66666666666666,(none),2,3,1.5,2,1.0,(not set),(direct),2,True,219096830
0.0,0.0,100.0,2023-02-24,100.0,referral,1,1,1.0,1,1.0,(not set),dashboard.apexchat.com,1,True,219096830
127.0,50.766666666666666,25.0,2023-02-24,28.57142857142857,cpc,12,42,3.5,12,1.0,(not set),google,12,True,219096830
6.166666666666667,13.285714285714286,70.0,2023-02-24,68.18181818181817,organic,22,44,1.4666666666666666,30,1.0714285714285714,(not set),google,28,True,219096830
0.0,0.0,100.0,2023-02-24,100.0,referral,1,1,1.0,1,1.0,Facebook,m.facebook.com,1,True,219096830
267.0,267.0,0.0,2023-02-24,50.0,referral,1,2,2.0,1,1.0,Pinterest,pinterest.ph,1,True,219096830
109.0,36.5,50.0,2023-02-25,25.0,(none),2,8,4.0,2,1.0,(not set),(direct),2,True,219096830
78.0,26.0,0.0,2023-02-25,25.0,organic,1,4,4.0,1,1.0,(not set),bing,1,True,219096830
0.0,0.0,100.0,2023-02-25,100.0,referral,1,1,1.0,1,1.0,Facebook,facebook.com,1,True,219096830
22.928571428571427,35.77777777777778,64.28571428571429,2023-02-25,60.86956521739131,cpc,13,23,1.6428571428571428,14,1.0769230769230769,(not set),google,13,True,219096830
22.84,47.41666666666666,72.0,2023-02-25,67.56756756756756,organic,19,37,1.48,25,1.1904761904761905,(not set),google,21,True,219096830
0.0,0.0,100.0,2023-02-25,100.0,referral,1,1,1.0,1,1.0,Pinterest,pinterest.com,1,True,219096830
17.833333333333332,53.5,66.66666666666666,2023-02-26,75.0,(none),5,8,1.3333333333333333,6,1.2,(not set),(direct),5,True,219096830
1.0,5.0,80.0,2023-02-26,83.33333333333334,organic,4,6,1.2,5,1.0,(not set),google,5,True,219096830
81.3,135.5,70.0,2023-02-27,62.5,(none),9,16,1.6,10,1.1111111111111112,(not set),(direct),9,True,219096830
49.0,32.666666666666664,25.0,2023-02-27,40.0,cpc,4,10,2.5,4,1.0,(not set),google,4,True,219096830
83.25,47.57142857142857,25.0,2023-02-27,36.36363636363637,organic,2,11,2.75,4,1.3333333333333333,(not set),google,3,True,219096830
499.75,333.1666666666667,50.0,2023-02-28,40.0,(none),4,10,2.5,4,1.0,(not set),(direct),4,True,219096830
140.0,35.25,0.0,2023-02-28,20.0,organic,1,5,5.0,1,1.0,(not set),bing,1,True,219096830
42.66666666666666,42.66666666666666,0.0,2023-02-28,50.0,cpc,2,6,2.0,3,1.0,(not set),google,3,True,219096830
503.6363636363636,503.8181818181818,45.45454545454545,2023-02-28,50.0,organic,7,22,2.0,11,1.375,(not set),google,8,True,219096830
202.72727272727272,123.77777777777776,72.72727272727273,2023-03-01,37.93103448275862,(none),7,29,2.636363636363636,11,1.2222222222222223,(not set),(direct),9,True,219096830
783.5,522.6666666666666,0.0,2023-03-01,40.0,cpc,2,5,2.5,2,1.0,(not set),google,2,True,219096830
17.2,21.5,40.0,2023-03-01,55.55555555555556,organic,2,9,1.8,5,1.0,(not set),google,5,True,219096830
42.833333333333336,128.5,66.66666666666666,2023-03-02,75.0,(none),5,8,1.3333333333333333,6,1.0,(not set),(direct),6,True,219096830
437.8,128.76470588235293,40.0,2023-03-02,22.727272727272727,organic,3,22,4.4,5,1.0,(not set),google,5,True,219096830
179.0,89.5,0.0,2023-03-02,33.33333333333333,referral,0,3,3.0,1,1.0,(not set),mail.google.com,1,True,219096830
123.3,308.0,80.0,2023-03-03,71.42857142857143,(none),6,14,1.4,10,1.25,(not set),(direct),8,True,219096830
1264.0,140.44444444444446,0.0,2023-03-03,10.0,organic,1,10,10.0,1,1.0,(not set),bing,1,True,219096830
21.63636363636364,21.63636363636364,54.54545454545454,2023-03-03,50.0,cpc,11,22,2.0,11,1.0,(not set),google,11,True,219096830
154.2608695652174,93.28947368421052,47.82608695652174,2023-03-03,37.704918032786885,organic,17,61,2.652173913043478,23,1.15,(not set),google,20,True,219096830
9.333333333333334,14.0,66.66666666666666,2023-03-04,60.0,(none),2,5,1.6666666666666667,3,1.0,(not set),(direct),3,True,219096830
0.0,0.0,100.0,2023-03-04,100.0,organic,1,1,1.0,1,1.0,(not set),duckduckgo,1,True,219096830
0.0,0.0,100.0,2023-03-04,100.0,referral,1,1,1.0,1,1.0,Facebook,facebook.com,1,True,219096830
116.47368421052632,105.42857142857144,36.84210526315789,2023-03-04,47.5,cpc,18,40,2.1052631578947367,19,1.0555555555555556,(not set),google,18,True,219096830
103.6875,97.6470588235294,68.75,2023-03-04,48.48484848484848,organic,12,33,2.0625,16,1.1428571428571428,(not set),google,14,True,219096830
0.0,0.0,100.0,2023-03-04,100.0,referral,1,1,1.0,1,1.0,Facebook,l.facebook.com,1,True,219096830
0.0,0.0,100.0,2023-03-04,100.0,referral,0,1,1.0,1,1.0,(not set),mail.google.com,1,True,219096830
10.0,10.0,0.0,2023-03-04,50.0,referral,1,2,2.0,1,1.0,(not set),search-dra.dt.dbankcloud.com,1,True,219096830
7.0,1.12,75.0,2023-03-05,13.79310344827586,(none),4,29,7.25,4,1.0,(not set),(direct),4,True,219096830
519.5,148.57142857142858,50.0,2023-03-05,22.22222222222222,organic,1,9,4.5,2,2.0,(not set),bing,1,True,219096830
0.0,0.0,100.0,2023-03-05,100.0,referral,1,1,1.0,1,1.0,Facebook,facebook.com,1,True,219096830
53.95454545454545,98.91666666666669,68.18181818181817,2023-03-05,64.70588235294117,cpc,19,34,1.5454545454545454,22,1.0476190476190477,(not set),google,21,True,219096830
102.42857142857144,204.7142857142857,78.57142857142857,2023-03-05,66.66666666666666,organic,13,21,1.5,14,1.0,(not set),google,14,True,219096830
0.0,0.0,100.0,2023-03-05,100.0,organic,1,1,1.0,1,1.0,(not set),yahoo,1,True,219096830
0.0,0.0,100.0,2023-03-05,100.0,referral,1,2,1.0,2,2.0,(not set),zip,1,True,219096830
3.5,7.0,50.0,2023-03-06,66.66666666666666,(none),2,3,1.5,2,1.0,(not set),(direct),2,True,219096830
237.0,47.6,0.0,2023-03-06,16.666666666666664,organic,1,6,6.0,1,1.0,(not set),bing,1,True,219096830
0.0,0.0,100.0,2023-03-06,100.0,referral,1,1,1.0,1,1.0,Facebook,facebook.com,1,True,219096830
27.38888888888889,32.86666666666667,44.44444444444444,2023-03-06,54.54545454545454,cpc,16,33,1.8333333333333333,18,1.0588235294117647,(not set),google,17,True,219096830
55.96875,59.7,59.375,2023-03-06,51.61290322580645,organic,26,62,1.9375,32,1.103448275862069,(not set),google,29,True,219096830
0.0,0.0,100.0,2023-03-07,100.0,(none),4,4,1.0,4,1.0,(not set),(direct),4,True,219096830
27.53846153846154,27.423076923076923,57.692307692307686,2023-03-07,50.0,cpc,20,52,2.0,26,1.3,(not set),google,20,True,219096830
44.833333333333336,107.7,66.66666666666666,2023-03-07,70.58823529411765,organic,20,34,1.4166666666666667,24,1.0434782608695652,(not set),google,23,True,219096830
76.0,25.666666666666668,0.0,2023-03-07,25.0,referral,1,4,4.0,1,1.0,Facebook,l.facebook.com,1,True,219096830
0.0,0.0,100.0,2023-03-08,100.0,(none),6,7,1.0,7,1.0,(not set),(direct),7,True,219096830
89.47058823529412,152.2,64.70588235294117,2023-03-08,62.96296296296296,cpc,15,27,1.588235294117647,17,1.0625,(not set),google,16,True,219096830
91.04347826086956,83.76,47.82608695652174,2023-03-08,47.91666666666667,organic,18,48,2.0869565217391304,23,1.15,(not set),google,20,True,219096830
0.0,0.0,100.0,2023-03-08,100.0,referral,0,1,1.0,1,1.0,Facebook,l.facebook.com,1,True,219096830
0.0,0.0,100.0,2023-03-08,100.0,referral,1,1,1.0,1,1.0,Facebook,m.facebook.com,1,True,219096830
709.0,236.33333333333331,33.33333333333333,2023-03-09,25.0,(none),1,12,4.0,3,1.0,(not set),(direct),3,True,219096830
79.0,79.0,0.0,2023-03-09,50.0,referral,0,2,2.0,1,1.0,Facebook,business.facebook.com,1,True,219096830
18.83333333333333,17.384615384615383,25.0,2023-03-09,48.0,cpc,10,25,2.083333333333333,12,1.0,(not set),google,12,True,219096830
66.5,68.54545454545455,58.82352941176471,2023-03-09,50.74626865671642,organic,28,67,1.9705882352941175,34,1.096774193548387,(not set),google,31,True,219096830
0.0,0.0,100.0,2023-03-09,100.0,referral,0,1,1.0,1,1.0,(not set),mail.google.com,1,True,219096830
0.0,0.0,100.0,2023-03-09,100.0,organic,1,1,1.0,1,1.0,(not set),yahoo,1,True,219096830
117.8,589.0,80.0,2023-03-10,83.33333333333334,(none),3,6,1.2,5,1.25,(not set),(direct),4,True,219096830
0.0,0.0,100.0,2023-03-10,100.0,referral,1,1,1.0,1,1.0,(not set),adwords.corp.google.com,1,True,219096830
78.27777777777777,100.71428571428572,61.11111111111112,2023-03-10,56.25,cpc,15,32,1.7777777777777777,18,1.125,(not set),google,16,True,219096830
116.05882352941175,151.76923076923077,52.94117647058824,2023-03-10,56.66666666666666,organic,15,30,1.7647058823529411,17,1.0625,(not set),google,16,True,219096830
0.0,0.0,100.0,2023-03-11,100.0,(none),5,7,1.0,7,1.0,(not set),(direct),7,True,219096830
11.04,14.421052631578949,52.0,2023-03-11,56.81818181818182,cpc,22,44,1.76,25,1.1363636363636365,(not set),google,22,True,219096830
41.61538461538461,108.4,84.61538461538461,2023-03-11,72.22222222222221,organic,13,18,1.3846153846153846,13,1.0,(not set),google,13,True,219096830
74.0,24.666666666666668,0.0,2023-03-11,25.0,referral,1,4,4.0,1,1.0,(not set),sg2plzcpnl453268.prod.sin2.secureserver.net:2083,1,True,219096830
74.25,49.5,50.0,2023-03-12,40.0,(none),4,10,2.5,4,1.0,(not set),(direct),4,True,219096830
0.0,0.0,100.0,2023-03-12,100.0,organic,1,1,1.0,1,1.0,(not set),bing,1,True,219096830
0.0,0.0,100.0,2023-03-12,100.0,referral,1,1,1.0,1,1.0,Facebook,facebook.com,1,True,219096830
46.86666666666667,33.523809523809526,33.33333333333333,2023-03-12,41.66666666666667,cpc,14,36,2.4,15,1.0714285714285714,(not set),google,14,True,219096830
210.0,1680.0,87.5,2023-03-12,88.88888888888889,organic,7,9,1.125,8,1.0,(not set),google,8,True,219096830
15.416666666666666,36.8,83.33333333333334,2023-03-13,70.58823529411765,(none),9,17,1.4166666666666667,12,1.0909090909090908,(not set),(direct),11,True,219096830
145.3181818181818,145.22727272727272,45.45454545454545,2023-03-13,50.0,cpc,19,44,2.0,22,1.0476190476190477,(not set),google,21,True,219096830
307.35714285714283,296.7241379310345,53.57142857142857,2023-03-13,49.122807017543856,organic,20,57,2.0357142857142856,28,1.2173913043478262,(not set),google,23,True,219096830
0.0,0.0,100.0,2023-03-13,100.0,referral,1,1,1.0,1,1.0,Facebook,lm.facebook.com,1,True,219096830
0.0,0.0,100.0,2023-03-13,100.0,referral,1,1,1.0,1,1.0,Pinterest,pinterest.com,1,True,219096830
0.0,0.0,100.0,2023-03-13,100.0,referral,0,1,1.0,1,1.0,(not set),sg2plzcpnl453268.prod.sin2.secureserver.net:2083,1,True,219096830
0.7142857142857143,5.0,85.71428571428571,2023-03-14,87.5,(none),5,8,1.1428571428571428,7,1.0,(not set),(direct),7,True,219096830
0.0,0.0,100.0,2023-03-14,100.0,referral,0,1,1.0,1,1.0,(not set),adwords.corp.google.com,1,True,219096830
0.0,0.0,100.0,2023-03-14,100.0,referral,1,1,1.0,1,1.0,Facebook,facebook.com,1,True,219096830
10.833333333333334,24.25,61.11111111111112,2023-03-14,69.23076923076923,cpc,14,26,1.4444444444444444,18,1.0588235294117647,(not set),google,17,True,219096830
116.4090909090909,116.36363636363636,45.45454545454545,2023-03-14,50.0,organic,16,44,2.0,22,1.1578947368421053,(not set),google,19,True,219096830
0.0,0.0,100.0,2023-03-14,100.0,referral,1,1,1.0,1,1.0,Facebook,m.facebook.com,1,True,219096830
0.0,0.0,100.0,2023-03-14,100.0,referral,0,1,1.0,1,1.0,(not set),p3plzcpnl498184.prod.phx3.secureserver.net:2083,1,True,219096830
42.0,21.0,0.0,2023-03-14,33.33333333333333,referral,0,3,3.0,1,1.0,(not set),sg2plzcpnl453268.prod.sin2.secureserver.net:2083,1,True,219096830
3.0,3.0,0.0,2023-03-14,50.0,referral,0,2,2.0,1,1.0,(not set),w1w.8c6.mywebsitetransfer.com,1,True,219096830
253.82608695652172,121.64583333333331,60.86956521739131,2023-03-15,32.3943661971831,(none),16,71,3.0869565217391304,23,1.2105263157894737,(not set),(direct),19,True,219096830
12.5,25.0,50.0,2023-03-15,66.66666666666666,organic,2,3,1.5,2,1.0,(not set),bing,2,True,219096830
10.666666666666666,16.0,33.33333333333333,2023-03-15,60.0,cpc,1,5,1.6666666666666667,3,1.0,(not set),google,3,True,219096830
4.458333333333333,7.714285714285714,91.66666666666666,2023-03-15,63.1578947368421,organic,21,38,1.5833333333333333,24,1.0434782608695652,(not set),google,23,True,219096830
0.0,0.0,100.0,2023-03-15,100.0,referral,1,1,1.0,1,1.0,Facebook,lm.facebook.com,1,True,219096830
62.66666666666666,23.375,33.33333333333333,2023-03-15,27.27272727272727,referral,0,11,3.6666666666666665,3,1.5,(not set),w1w.8c6.mywebsitetransfer.com,2,True,219096830
0.0,0.0,100.0,2023-03-16,100.0,(none),3,3,1.0,3,1.0,(not set),(direct),3,True,219096830
60.5,57.36842105263158,33.33333333333333,2023-03-16,48.64864864864865,cpc,15,37,2.055555555555556,18,1.125,(not set),google,16,True,219096830
45.208333333333336,54.2,58.333333333333336,2023-03-16,54.54545454545454,organic,18,44,1.8333333333333333,24,1.1428571428571428,(not set),google,21,True,219096830
0.0,0.0,100.0,2023-03-16,100.0,referral,1,1,1.0,1,1.0,Pinterest,in.pinterest.com,1,True,219096830
379.5,284.5,50.0,2023-03-17,42.85714285714285,(none),3,14,2.333333333333333,6,1.2,(not set),(direct),5,True,219096830
0.0,0.0,100.0,2023-03-17,100.0,referral,1,1,1.0,1,1.0,Facebook,facebook.com,1,True,219096830
87.73333333333333,69.3157894736842,53.333333333333336,2023-03-17,44.11764705882353,cpc,9,34,2.2666666666666666,15,1.3636363636363635,(not set),google,11,True,219096830
181.125,199.86206896551724,62.5,2023-03-17,52.459016393442624,organic,19,61,1.90625,32,1.3333333333333333,(not set),google,24,True,219096830
38.66666666666666,38.333333333333336,66.66666666666666,2023-03-17,50.0,referral,3,6,2.0,3,1.0,Facebook,m.facebook.com,3,True,219096830
0.0,0.0,100.0,2023-03-17,100.0,referral,1,1,1.0,1,1.0,Pinterest,pinterest.cl,1,True,219096830
15.2,38.0,60.0,2023-03-18,71.42857142857143,(none),3,7,1.4,5,1.25,(not set),(direct),4,True,219096830
220.75,105.92,41.66666666666667,2023-03-18,32.432432432432435,cpc,11,37,3.083333333333333,12,1.0,(not set),google,12,True,219096830
28.75,65.71428571428571,68.75,2023-03-18,69.56521739130434,organic,15,23,1.4375,16,1.0666666666666669,(not set),google,15,True,219096830
0.0,0.0,100.0,2023-03-18,100.0,referral,1,1,1.0,1,1.0,Facebook,m.facebook.com,1,True,219096830
0.0,0.0,100.0,2023-03-18,100.0,referral,1,1,1.0,1,1.0,(not set),nfocusdriver.com,1,True,219096830
0.0,0.0,100.0,2023-03-18,100.0,referral,1,1,1.0,1,1.0,Pinterest,pinterest.com,1,True,219096830
0.0,0.0,100.0,2023-03-19,100.0,(none),2,2,1.0,2,1.0,(not set),(direct),2,True,219096830
0.0,0.0,100.0,2023-03-19,100.0,referral,1,1,1.0,1,1.0,Facebook,facebook.com,1,True,219096830
27.857142857142858,65.0,64.28571428571429,2023-03-19,70.0,cpc,12,20,1.4285714285714286,14,1.0769230769230769,(not set),google,13,True,219096830
29.5,88.5,66.66666666666666,2023-03-19,75.0,organic,4,8,1.3333333333333333,6,1.0,(not set),google,6,True,219096830
0.0,0.0,100.0,2023-03-19,100.0,referral,1,1,1.0,1,1.0,Pinterest,pinterest.com,1,True,219096830
0.0,0.0,100.0,2023-03-20,100.0,(none),1,2,1.0,2,1.0,(not set),(direct),2,True,219096830
126.61111111111111,126.66666666666669,38.88888888888889,2023-03-20,50.0,cpc,17,36,2.0,18,1.0588235294117647,(not set),google,17,True,219096830
8.0,17.333333333333332,61.53846153846154,2023-03-20,68.42105263157895,organic,9,19,1.4615384615384617,13,1.0,(not set),google,13,True,219096830
3.7142857142857135,8.333333333333334,71.42857142857143,2023-03-21,70.0,(none),6,10,1.4285714285714286,7,1.0,(not set),(direct),7,True,219096830
142.72727272727272,92.17647058823528,27.27272727272727,2023-03-21,39.285714285714285,cpc,9,28,2.5454545454545454,11,1.2222222222222223,(not set),google,9,True,219096830
37.8,37.8,46.66666666666666,2023-03-21,50.0,organic,8,30,2.0,15,1.0714285714285714,(not set),google,14,True,219096830
0.0,0.0,100.0,2023-03-21,100.0,referral,1,1,1.0,1,1.0,Facebook,lm.facebook.com,1,True,219096830
0.0,0.0,100.0,2023-03-21,100.0,referral,1,1,1.0,1,1.0,(not set),nlcorp.app.netsuite.com,1,True,219096830
192.5,55.0,0.0,2023-03-21,22.22222222222222,referral,0,9,4.5,2,2.0,(not set),symbaloo.com,1,True,219096830
23.8,39.66666666666666,80.0,2023-03-22,62.5,(none),5,8,1.6,5,1.0,(not set),(direct),5,True,219096830
93.35714285714286,76.94117647058823,50.0,2023-03-22,45.16129032258064,cpc,14,31,2.2142857142857144,14,1.0,(not set),google,14,True,219096830
84.5,101.4,55.55555555555556,2023-03-22,54.54545454545454,organic,13,33,1.8333333333333333,18,1.125,(not set),google,16,True,219096830
0.0,0.0,100.0,2023-03-22,100.0,referral,1,1,1.0,1,1.0,Facebook,m.facebook.com,1,True,219096830
420.1666666666667,360.2857142857143,66.66666666666666,2023-03-23,46.15384615384615,(none),5,13,2.1666666666666665,6,1.2,(not set),(direct),5,True,219096830
96.5625,110.35714285714286,50.0,2023-03-23,53.333333333333336,cpc,14,30,1.875,16,1.1428571428571428,(not set),google,14,True,219096830
61.57142857142857,86.1,71.42857142857143,2023-03-23,58.333333333333336,organic,8,24,1.7142857142857142,14,1.1666666666666667,(not set),google,12,True,219096830
106.5,71.33333333333333,50.0,2023-03-23,40.0,referral,2,5,2.5,2,1.0,Facebook,l.facebook.com,2,True,219096830
0.0,0.0,100.0,2023-03-23,100.0,referral,1,1,1.0,1,1.0,Facebook,lm.facebook.com,1,True,219096830
49.5,49.5,25.0,2023-03-24,50.0,(none),3,8,2.0,4,1.0,(not set),(direct),4,True,219096830
0.0,0.0,100.0,2023-03-24,100.0,organic,1,1,1.0,1,1.0,(not set),bing,1,True,219096830
23.90909090909091,87.66666666666667,72.72727272727273,2023-03-24,78.57142857142857,cpc,8,14,1.2727272727272727,11,1.2222222222222223,(not set),google,9,True,219096830
134.83333333333334,67.41666666666667,66.66666666666666,2023-03-24,33.33333333333333,organic,4,18,3.0,6,1.2,(not set),google,5,True,219096830
13.75,13.75,75.0,2023-03-25,50.0,(none),4,8,2.0,4,1.0,(not set),(direct),4,True,219096830
31.823529411764707,27.0,47.05882352941176,2023-03-25,45.94594594594595,cpc,14,37,2.176470588235294,17,1.2142857142857142,(not set),google,14,True,219096830
122.16666666666669,91.5,66.66666666666666,2023-03-25,42.85714285714285,organic,5,14,2.333333333333333,6,1.0,(not set),google,6,True,219096830
20.0,20.0,50.0,2023-03-26,50.0,(none),4,8,2.0,4,1.0,(not set),(direct),4,True,219096830
0.0,0.0,100.0,2023-03-26,100.0,referral,2,2,1.0,2,1.0,Facebook,facebook.com,2,True,219096830
151.83333333333334,71.92105263157895,38.88888888888889,2023-03-26,32.142857142857146,cpc,13,56,3.111111111111111,18,1.2,(not set),google,15,True,219096830
46.44444444444444,32.0,33.33333333333333,2023-03-26,40.909090909090914,organic,9,22,2.4444444444444446,9,1.0,(not set),google,9,True,219096830
0.0,0.0,100.0,2023-03-26,100.0,referral,1,1,1.0,1,1.0,Facebook,l.facebook.com,1,True,219096830
0.0,0.0,100.0,2023-03-26,100.0,organic,1,1,1.0,1,1.0,(not set),yahoo,1,True,219096830
107.06666666666666,114.64285714285714,53.333333333333336,2023-03-27,51.72413793103448,(none),11,29,1.9333333333333331,15,1.25,(not set),(direct),12,True,219096830
63.63636363636363,41.23529411764706,45.45454545454545,2023-03-27,39.285714285714285,cpc,10,28,2.5454545454545454,11,1.0,(not set),google,11,True,219096830
68.38461538461539,111.125,61.53846153846154,2023-03-27,61.90476190476191,organic,7,21,1.6153846153846154,13,1.3,(not set),google,10,True,219096830
43.0,43.0,0.0,2023-03-27,50.0,referral,1,2,2.0,1,1.0,Facebook,m.facebook.com,1,True,219096830
15.588235294117649,15.529411764705882,76.47058823529412,2023-03-28,50.0,(none),15,34,2.0,17,1.0,(not set),(direct),17,True,219096830
47.41176470588236,30.96153846153846,41.17647058823529,2023-03-28,39.53488372093023,cpc,13,43,2.5294117647058822,17,1.0625,(not set),google,16,True,219096830
63.095238095238095,60.27272727272727,42.85714285714285,2023-03-28,48.837209302325576,organic,13,43,2.0476190476190474,21,1.105263157894737,(not set),google,19,True,219096830
0.0,0.0,100.0,2023-03-28,100.0,referral,1,1,1.0,1,1.0,Instagram,l.instagram.com,1,True,219096830
20.0,20.0,0.0,2023-03-28,50.0,referral,1,2,2.0,1,1.0,Facebook,lm.facebook.com,1,True,219096830
0.0,0.0,100.0,2023-03-29,100.0,(none),6,6,1.0,6,1.0,(not set),(direct),6,True,219096830
0.0,0.0,100.0,2023-03-29,100.0,organic,1,1,1.0,1,1.0,(not set),bing,1,True,219096830
153.1875,81.7,31.25,2023-03-29,34.78260869565217,cpc,12,46,2.875,16,1.2307692307692308,(not set),google,13,True,219096830
47.11764705882353,30.807692307692307,52.94117647058824,2023-03-29,39.53488372093023,organic,11,43,2.5294117647058822,17,1.1333333333333333,(not set),google,15,True,219096830
0.0,0.0,100.0,2023-03-29,100.0,referral,1,1,1.0,1,1.0,Facebook,l.facebook.com,1,True,219096830
0.0,0.0,100.0,2023-03-29,100.0,referral,1,1,1.0,1,1.0,Facebook,lm.facebook.com,1,True,219096830
16.571428571428573,33.142857142857146,50.0,2023-03-30,66.66666666666666,cpc,11,21,1.5,14,1.0769230769230769,(not set),google,13,True,219096830
215.63636363636363,107.8181818181818,54.54545454545454,2023-03-30,33.33333333333333,organic,10,33,3.0,11,1.0,(not set),google,11,True,219096830
0.0,0.0,100.0,2023-03-30,100.0,referral,1,1,1.0,1,1.0,Facebook,m.facebook.com,1,True,219096830
60.8,50.66666666666666,40.0,2023-03-31,45.45454545454545,(none),5,11,2.2,5,1.0,(not set),(direct),5,True,219096830
21.5,43.0,50.0,2023-03-31,66.66666666666666,organic,1,3,1.5,2,1.0,(not set),bing,2,True,219096830
11.0,11.0,0.0,2023-03-31,50.0,referral,1,2,2.0,1,1.0,(not set),dashboard.apexchat.com,1,True,219096830
86.9,91.47368421052632,55.00000000000001,2023-03-31,51.28205128205128,cpc,16,39,1.95,20,1.1111111111111112,(not set),google,18,True,219096830
6.818181818181818,12.333333333333334,54.54545454545454,2023-03-31,64.70588235294117,organic,10,17,1.5454545454545454,11,1.0,(not set),google,11,True,219096830
0.0,0.0,100.0,2023-03-31,100.0,referral,1,1,1.0,1,1.0,Facebook,l.facebook.com,1,True,219096830
33.458333333333336,42.31578947368421,54.16666666666666,2023-04-01,55.81395348837209,cpc,19,43,1.7916666666666667,24,1.1428571428571428,(not set),google,21,True,219096830
351.0,112.28,12.5,2023-04-01,24.24242424242424,organic,4,33,4.125,8,1.1428571428571428,(not set),google,7,True,219096830
0.0,0.0,100.0,2023-04-01,100.0,referral,1,1,1.0,1,1.0,Facebook,m.facebook.com,1,True,219096830
74.0,25.0,0.0,2023-04-02,25.0,(none),1,4,4.0,1,1.0,(not set),(direct),1,True,219096830
83.0,84.0,0.0,2023-04-02,50.0,referral,0,2,2.0,1,1.0,(not set),ads.google.com,1,True,219096830
37.29166666666666,33.111111111111114,54.16666666666666,2023-04-02,47.05882352941176,cpc,22,51,2.125,24,1.0434782608695652,(not set),google,23,True,219096830
57.8,72.5,40.0,2023-04-02,55.55555555555556,organic,4,9,1.8,5,1.0,(not set),google,5,True,219096830
69.0,34.75,50.0,2023-04-02,33.33333333333333,referral,2,6,3.0,2,1.0,Facebook,l.facebook.com,2,True,219096830
95.0,60.45454545454545,42.85714285714285,2023-04-03,38.88888888888889,(none),5,18,2.571428571428572,7,1.1666666666666667,(not set),(direct),6,True,219096830
59.18181818181818,50.0,31.818181818181817,2023-04-03,45.83333333333333,cpc,16,48,2.1818181818181817,22,1.1,(not set),google,20,True,219096830
440.77272727272725,167.20689655172413,18.181818181818183,2023-04-03,27.500000000000004,organic,8,80,3.636363636363636,22,1.2941176470588236,(not set),google,17,True,219096830
253.0,217.0,66.66666666666666,2023-04-04,46.15384615384615,(none),5,13,2.1666666666666665,6,1.2,(not set),(direct),5,True,219096830
0.0,0.0,100.0,2023-04-04,100.0,organic,0,1,1.0,1,1.0,(not set),bing,1,True,219096830
0.0,0.0,100.0,2023-04-04,100.0,organic,1,1,1.0,1,1.0,(not set),duckduckgo,1,True,219096830
107.82608695652172,91.85185185185183,43.47826086956522,2023-04-04,46.0,cpc,20,50,2.1739130434782608,23,1.0952380952380951,(not set),google,21,True,219096830
81.75,65.4,43.75,2023-04-04,44.44444444444444,organic,6,36,2.25,16,1.3333333333333333,(not set),google,12,True,219096830
140.0,140.0,0.0,2023-04-04,50.0,referral,1,2,2.0,1,1.0,Pinterest,pinterest.com,1,True,219096830
48.25,64.33333333333333,75.0,2023-04-05,57.14285714285714,(none),4,7,1.75,4,1.0,(not set),(direct),4,True,219096830
26.22222222222222,47.2,61.11111111111112,2023-04-05,64.28571428571429,cpc,15,28,1.5555555555555556,18,1.0,(not set),google,18,True,219096830
124.3076923076923,101.0,42.30769230769231,2023-04-05,44.82758620689656,organic,13,58,2.230769230769231,26,1.368421052631579,(not set),google,19,True,219096830
0.0,0.0,100.0,2023-04-05,100.0,referral,0,1,1.0,1,1.0,Facebook,l.facebook.com,1,True,219096830
8.666666666666666,13.0,33.33333333333333,2023-04-06,60.0,(none),2,5,1.6666666666666667,3,1.0,(not set),(direct),3,True,219096830
0.0,0.0,100.0,2023-04-06,100.0,referral,0,1,1.0,1,1.0,(not set),ads.google.com,1,True,219096830
12.0,12.0,0.0,2023-04-06,50.0,organic,1,2,2.0,1,1.0,(not set),bing,1,True,219096830
323.0,161.5,0.0,2023-04-06,33.33333333333333,referral,0,3,3.0,1,1.0,Facebook,business.facebook.com,1,True,219096830
249.66666666666663,107.28571428571428,66.66666666666666,2023-04-06,30.0,referral,2,10,3.333333333333333,3,1.0,Facebook,facebook.com,3,True,219096830
67.14285714285714,58.91666666666666,47.61904761904761,2023-04-06,46.66666666666666,cpc,15,45,2.142857142857143,21,1.1666666666666667,(not set),google,18,True,219096830
164.0,245.75,58.333333333333336,2023-04-06,60.0,organic,5,20,1.6666666666666667,12,1.5,(not set),google,8,True,219096830
0.0,0.0,100.0,2023-04-06,100.0,referral,2,2,1.0,2,1.0,Facebook,l.facebook.com,2,True,219096830
0.0,0.0,100.0,2023-04-06,100.0,referral,1,1,1.0,1,1.0,Facebook,m.facebook.com,1,True,219096830
0.0,0.0,100.0,2023-04-07,100.0,(none),23,23,1.0,23,1.0,(not set),(direct),23,True,219096830
57.94444444444444,35.89655172413793,38.88888888888889,2023-04-07,38.297872340425535,cpc,18,47,2.611111111111111,18,1.0,(not set),google,18,True,219096830
76.16666666666667,57.0625,50.0,2023-04-07,42.85714285714285,organic,8,28,2.333333333333333,12,1.0,(not set),google,12,True,219096830
0.0,0.0,100.0,2023-04-07,100.0,referral,1,1,1.0,1,1.0,Facebook,l.facebook.com,1,True,219096830
1.6666666666666667,5.0,66.66666666666666,2023-04-07,75.0,referral,3,4,1.3333333333333333,3,1.0,Facebook,m.facebook.com,3,True,219096830
2.142857142857143,7.5,71.42857142857143,2023-04-08,77.77777777777779,(none),7,9,1.2857142857142858,7,1.0,(not set),(direct),7,True,219096830
0.0,0.0,100.0,2023-04-08,100.0,referral,1,1,1.0,1,1.0,Facebook,facebook.com,1,True,219096830
152.3846153846154,116.58823529411764,46.15384615384615,2023-04-08,43.333333333333336,cpc,11,30,2.3076923076923075,13,1.0,(not set),google,13,True,219096830
51.0,59.5,57.14285714285714,2023-04-08,53.84615384615385,organic,6,13,1.8571428571428568,7,1.0,(not set),google,7,True,219096830
0.0,0.0,100.0,2023-04-08,100.0,referral,1,2,1.0,2,1.0,Facebook,l.facebook.com,2,True,219096830
11.0,22.0,50.0,2023-04-09,66.66666666666666,(none),1,3,1.5,2,1.0,(not set),(direct),2,True,219096830
129.95,60.48837209302326,30.0,2023-04-09,31.746031746031743,cpc,18,63,3.15,20,1.0,(not set),google,20,True,219096830
138.66666666666666,83.26666666666667,33.33333333333333,2023-04-09,37.5,organic,7,24,2.6666666666666665,9,1.0,(not set),google,9,True,219096830
11.0,7.0,50.0,2023-04-09,40.0,referral,1,5,2.5,2,1.0,Facebook,l.facebook.com,2,True,219096830
79.0,19.75,0.0,2023-04-09,20.0,referral,1,5,5.0,1,1.0,Facebook,m.facebook.com,1,True,219096830
1006.6363636363636,527.3809523809524,45.45454545454545,2023-04-10,34.375,(none),5,32,2.909090909090909,11,2.2,(not set),(direct),5,True,219096830
20.33333333333333,22.875,33.33333333333333,2023-04-10,52.94117647058824,cpc,8,17,1.8888888888888888,9,1.125,(not set),google,8,True,219096830
118.6,104.6470588235294,66.66666666666666,2023-04-10,46.875,organic,14,32,2.1333333333333333,15,1.0,(not set),google,15,True,219096830
144.0,28.8,0.0,2023-04-10,16.666666666666664,referral,1,6,6.0,1,1.0,Facebook,l.facebook.com,1,True,219096830
129.0,64.5,0.0,2023-04-10,33.33333333333333,referral,1,6,3.0,2,1.0,Facebook,m.facebook.com,2,True,219096830
670.0,78.82352941176471,0.0,2023-04-10,10.526315789473683,referral,0,19,9.5,2,2.0,(not set),search.google.com,1,True,219096830
23.375,53.57142857142857,81.25,2023-04-11,69.56521739130434,(none),9,23,1.4375,16,1.2307692307692308,(not set),(direct),13,True,219096830
207.13636363636363,113.85,50.0,2023-04-11,35.483870967741936,cpc,17,62,2.8181818181818183,22,1.1578947368421053,(not set),google,19,True,219096830
153.23076923076923,142.32142857142858,42.30769230769231,2023-04-11,48.14814814814815,organic,13,54,2.076923076923077,26,1.3,(not set),google,20,True,219096830
0.0,0.0,100.0,2023-04-11,100.0,referral,0,1,1.0,1,1.0,Facebook,l.facebook.com,1,True,219096830
0.0,0.0,100.0,2023-04-11,100.0,referral,1,1,1.0,1,1.0,(not set),rouse-hill-s-school.teachable.com,1,True,219096830
0.0,0.0,100.0,2023-04-11,100.0,referral,1,1,1.0,1,1.0,(not set),sites.google.com,1,True,219096830
136.33333333333334,409.2,80.0,2023-04-12,75.0,(none),10,20,1.3333333333333333,15,1.25,(not set),(direct),12,True,219096830
34.642857142857146,27.0,42.85714285714285,2023-04-12,43.75,cpc,14,32,2.2857142857142856,14,1.0,(not set),google,14,True,219096830
40.47826086956522,34.55555555555556,52.17391304347826,2023-04-12,46.0,organic,14,50,2.1739130434782608,23,1.2777777777777777,(not set),google,18,True,219096830
489.0,163.0,0.0,2023-04-12,25.0,referral,0,4,4.0,1,1.0,(not set),search.google.com,1,True,219096830
0.0,0.0,100.0,2023-04-12,100.0,referral,1,1,1.0,1,1.0,(not set),site267736229.fo.team,1,True,219096830
0.0,0.0,100.0,2023-04-12,100.0,referral,1,1,1.0,1,1.0,(not set),us12.campaign-archive.com,1,True,219096830
98.9090909090909,155.42857142857142,63.63636363636363,2023-04-13,61.11111111111112,(none),8,18,1.6363636363636365,11,1.1,(not set),(direct),10,True,219096830
0.0,0.0,100.0,2023-04-13,100.0,referral,0,2,1.0,2,2.0,Facebook,facebook.com,1,True,219096830
77.4090909090909,48.6,40.909090909090914,2023-04-13,38.59649122807017,cpc,17,57,2.590909090909091,22,1.1578947368421053,(not set),google,19,True,219096830
122.82142857142856,137.64,53.57142857142857,2023-04-13,52.83018867924528,organic,18,53,1.8928571428571428,28,1.1666666666666667,(not set),google,24,True,219096830
0.0,0.0,100.0,2023-04-13,100.0,referral,1,1,1.0,1,1.0,Facebook,m.facebook.com,1,True,219096830
29.25,58.5,75.0,2023-04-14,66.66666666666666,(none),2,6,1.5,4,1.0,(not set),(direct),4,True,219096830
42.8125,57.083333333333336,43.75,2023-04-14,57.14285714285714,cpc,12,28,1.75,16,1.2307692307692308,(not set),google,13,True,219096830
42.26315789473684,66.91666666666667,57.89473684210527,2023-04-14,61.29032258064516,organic,5,31,1.631578947368421,19,1.2666666666666666,(not set),google,15,True,219096830
12.0,0.0,0.0,2023-04-14,100.0,organic,1,1,1.0,1,1.0,(not set),yahoo,1,True,219096830
2.0,8.0,75.0,2023-04-15,80.0,(none),2,5,1.25,4,1.3333333333333333,(not set),(direct),3,True,219096830
39.15384615384615,24.19047619047619,23.07692307692308,2023-04-15,38.23529411764706,cpc,11,34,2.6153846153846154,13,1.181818181818182,(not set),google,11,True,219096830
154.8181818181818,94.61111111111111,27.27272727272727,2023-04-15,37.93103448275862,organic,8,29,2.636363636363636,11,1.1,(not set),google,10,True,219096830
0.0,0.0,100.0,2023-04-15,100.0,referral,1,1,1.0,1,1.0,Facebook,l.facebook.com,1,True,219096830
0.0,0.0,100.0,2023-04-15,100.0,referral,1,1,1.0,1,1.0,Instagram,l.instagram.com,1,True,219096830
0.0,0.0,100.0,2023-04-15,100.0,referral,1,1,1.0,1,1.0,(not set),presearch.com,1,True,219096830
157.77777777777777,129.0,66.66666666666666,2023-04-16,45.0,(none),9,20,2.2222222222222223,9,1.0,(not set),(direct),9,True,219096830
28.9,27.428571428571427,55.00000000000001,2023-04-16,48.78048780487805,cpc,17,41,2.05,20,1.0526315789473684,(not set),google,19,True,219096830
60.0,40.0,75.0,2023-04-16,40.0,organic,1,10,2.5,4,1.3333333333333333,(not set),google,3,True,219096830
0.0,0.0,100.0,2023-04-16,100.0,referral,1,1,1.0,1,1.0,(not set),truelocal.com.au,1,True,219096830
178.33333333333334,64.24,55.55555555555556,2023-04-17,26.47058823529412,(none),7,34,3.7777777777777777,9,1.125,(not set),(direct),8,True,219096830
61.38095238095238,43.0,33.33333333333333,2023-04-17,41.17647058823529,cpc,15,51,2.4285714285714284,21,1.1666666666666667,(not set),google,18,True,219096830
158.25,102.5945945945946,50.0,2023-04-17,39.34426229508197,organic,16,61,2.5416666666666665,24,1.2,(not set),google,20,True,219096830
109.0,22.0,0.0,2023-04-17,16.666666666666664,referral,1,6,6.0,1,1.0,Facebook,m.facebook.com,1,True,219096830
1320.0,660.5,0.0,2023-04-17,33.33333333333333,referral,0,3,3.0,1,1.0,(not set),search.google.com,1,True,219096830
4.0,24.0,83.33333333333334,2023-04-18,85.71428571428571,(none),11,14,1.1666666666666667,12,1.0909090909090908,(not set),(direct),11,True,219096830
136.0,68.0,0.0,2023-04-18,33.33333333333333,referral,0,3,3.0,1,1.0,Facebook,business.facebook.com,1,True,219096830
25.0,25.0,0.0,2023-04-18,50.0,referral,0,2,2.0,1,1.0,Facebook,facebook.com,1,True,219096830
150.0,122.77272727272728,27.77777777777778,2023-04-18,45.0,cpc,15,40,2.2222222222222223,18,1.0588235294117647,(not set),google,17,True,219096830
68.08,65.42307692307692,56.00000000000001,2023-04-18,49.01960784313725,organic,16,51,2.04,25,1.25,(not set),google,20,True,219096830
0.0,0.0,100.0,2023-04-18,100.0,referral,1,1,1.0,1,1.0,(not set),justpaste.it,1,True,219096830
0.0,0.0,100.0,2023-04-18,100.0,referral,0,1,1.0,1,1.0,(not set),smilerousehill.bravesites.com,1,True,219096830
0.0,0.0,0.0,2023-04-18,50.0,referral,0,2,2.0,1,1.0,(not set),vingle.net,1,True,219096830
8.333333333333334,50.0,83.33333333333334,2023-04-19,85.71428571428571,(none),6,7,1.1666666666666667,6,1.0,(not set),(direct),6,True,219096830
0.0,0.0,100.0,2023-04-19,100.0,referral,0,1,1.0,1,1.0,(not set),app.simplenote.com,1,True,219096830
0.0,0.0,100.0,2023-04-19,100.0,organic,1,1,1.0,1,1.0,(not set),bing,1,True,219096830
16.0,16.0,0.0,2023-04-19,50.0,organic,1,2,2.0,1,1.0,(not set),duckduckgo,1,True,219096830
9.916666666666666,29.75,66.66666666666666,2023-04-19,75.0,cpc,11,16,1.3333333333333333,12,1.0909090909090908,(not set),google,11,True,219096830
284.75,189.77777777777777,50.0,2023-04-19,40.0,organic,8,30,2.5,12,1.0909090909090908,(not set),google,11,True,219096830
0.0,0.0,100.0,2023-04-19,100.0,referral,1,1,1.0,1,1.0,Pinterest,pinterest.com,1,True,219096830
15.5,31.0,50.0,2023-04-19,66.66666666666666,referral,0,3,1.5,2,2.0,(not set),vingle.net,1,True,219096830
3.6666666666666665,11.0,66.66666666666666,2023-04-20,75.0,(none),3,4,1.3333333333333333,3,1.0,(not set),(direct),3,True,219096830
0.0,0.0,100.0,2023-04-20,100.0,referral,0,1,1.0,1,1.0,(not set),app.simplenote.com,1,True,219096830
127.0,127.0,0.0,2023-04-20,50.0,referral,0,2,2.0,1,1.0,Facebook,business.facebook.com,1,True,219096830
39.333333333333336,34.64705882352941,53.333333333333336,2023-04-20,46.875,cpc,12,32,2.1333333333333333,15,1.0714285714285714,(not set),google,14,True,219096830
343.8,180.7894736842105,20.0,2023-04-20,34.48275862068966,organic,6,29,2.9,10,1.1111111111111112,(not set),google,9,True,219096830
32.0,32.0,0.0,2023-04-20,50.0,referral,1,2,2.0,1,1.0,Facebook,l.facebook.com,1,True,219096830
5.0,5.0,0.0,2023-04-20,50.0,referral,1,2,2.0,1,1.0,Instagram,l.instagram.com,1,True,219096830
0.0,0.0,100.0,2023-04-20,100.0,referral,0,1,1.0,1,1.0,(not set),search.google.com,1,True,219096830
606.0,15.291139240506327,0.0,2023-04-20,2.469135802469136,referral,0,81,40.5,2,2.0,(not set),vingle.net,1,True,219096830
6.5,13.0,50.0,2023-04-20,66.66666666666666,referral,0,3,1.5,2,2.0,(not set),wibki.com,1,True,219096830
30.11111111111111,67.5,66.66666666666666,2023-04-21,69.23076923076923,(none),9,13,1.4444444444444444,9,1.0,(not set),(direct),9,True,219096830
0.0,0.0,100.0,2023-04-21,100.0,referral,0,1,1.0,1,1.0,(not set),forumserver.twoplustwo.com,1,True,219096830
7.461538461538462,19.4,76.92307692307693,2023-04-21,72.22222222222221,cpc,11,18,1.3846153846153846,13,1.0833333333333333,(not set),google,12,True,219096830
141.25,113.0,25.0,2023-04-21,44.44444444444444,organic,6,36,2.25,16,1.2307692307692308,(not set),google,13,True,219096830
9.6,24.0,80.0,2023-04-22,71.42857142857143,(none),5,7,1.4,5,1.0,(not set),(direct),5,True,219096830
17.75,26.75,58.333333333333336,2023-04-22,60.0,cpc,11,20,1.6666666666666667,12,1.0,(not set),google,12,True,219096830
260.35714285714283,191.8947368421053,57.14285714285714,2023-04-22,42.42424242424242,organic,10,33,2.357142857142857,14,1.0769230769230769,(not set),google,13,True,219096830
3.0,6.0,50.0,2023-04-22,66.66666666666666,referral,2,3,1.5,2,1.0,Facebook,m.facebook.com,2,True,219096830
0.0,0.0,100.0,2023-04-22,100.0,referral,1,1,1.0,1,1.0,Pinterest,pinterest.com,1,True,219096830
54.04,270.0,88.0,2023-04-23,83.33333333333334,(none),24,30,1.2,25,1.0416666666666667,(not set),(direct),24,False,219096830
58.083333333333336,31.727272727272727,33.33333333333333,2023-04-23,35.294117647058826,cpc,10,34,2.833333333333333,12,1.0909090909090908,(not set),google,11,False,219096830
177.0,70.8,50.0,2023-04-23,28.57142857142857,organic,2,14,3.5,4,1.3333333333333333,(not set),google,3,False,219096830
5.0,0.8709677419354839,66.66666666666666,2023-04-24,16.216216216216218,(none),6,37,6.166666666666667,6,1.0,(not set),(direct),6,False,219096830
0.0,0.0,100.0,2023-04-24,100.0,referral,0,1,1.0,1,1.0,(not set),app.simplenote.com,1,False,219096830
193.0,82.71428571428571,0.0,2023-04-24,30.0,organic,3,10,3.333333333333333,3,1.0,(not set),bing,3,False,219096830
0.0,0.0,100.0,2023-04-24,100.0,referral,1,1,1.0,1,1.0,Facebook,facebook.com,1,False,219096830
0.0,0.0,100.0,2023-04-24,100.0,referral,1,1,1.0,1,1.0,(not set),figensahin.com,1,False,219096830
18.5,111.0,66.66666666666666,2023-04-24,85.71428571428571,cpc,6,7,1.1666666666666667,6,1.0,(not set),google,6,False,219096830
381.1818181818182,220.68421052631575,36.36363636363637,2023-04-24,36.66666666666666,organic,2,30,2.727272727272727,11,1.375,(not set),google,8,False,219096830
35.5,71.0,50.0,2023-04-24,66.66666666666666,referral,1,3,1.5,2,2.0,(not set),sso.lightning.force.com,1,False,219096830
